province,city_name,total_confirm,total_suspect,total_dead,total_heal,today_confirm,lastUpdateTime
湖北,武汉,50006,0,2526,43686,0,2020-03-25 14:38:35
湖北,孝感,3518,0,128,3380,0,2020-03-25 14:38:35
湖北,鄂州,1394,0,59,1328,0,2020-03-25 14:38:35
湖北,荆门,928,0,39,886,0,2020-03-25 14:38:35
湖北,潜江,198,0,9,187,0,2020-03-25 14:38:35
湖北,襄阳,1175,0,39,1134,0,2020-03-25 14:38:35
湖北,仙桃,575,0,22,551,0,2020-03-25 14:38:35
湖北,荆州,1580,0,51,1527,0,2020-03-25 14:38:35
湖北,随州,1307,0,45,1260,0,2020-03-25 14:38:35
湖北,黄石,1015,0,39,974,0,2020-03-25 14:38:35
湖北,宜昌,931,0,36,893,0,2020-03-25 14:38:35
湖北,十堰,672,0,8,664,0,2020-03-25 14:38:35
湖北,恩施州,252,0,7,245,0,2020-03-25 14:38:35
湖北,咸宁,836,0,15,821,0,2020-03-25 14:38:35
湖北,天门,496,0,15,481,0,2020-03-25 14:38:35
湖北,黄冈,2907,0,125,2782,0,2020-03-25 14:38:35
湖北,神农架,11,0,0,11,0,2020-03-25 14:38:35
香港,地区待确认,386,0,4,102,30,2020-03-25 14:38:35
台湾,地区待确认,235,0,2,29,19,2020-03-25 14:38:35
北京,境外输入,145,0,0,11,7,2020-03-25 14:38:35
北京,朝阳,72,0,0,0,0,2020-03-25 14:38:35
北京,海淀,64,0,0,0,0,2020-03-25 14:38:35
北京,西城,53,0,0,0,0,2020-03-25 14:38:35
北京,丰台,43,0,0,0,0,2020-03-25 14:38:35
北京,大兴,39,0,0,0,0,2020-03-25 14:38:35
北京,昌平,29,0,0,0,0,2020-03-25 14:38:35
北京,外地来京,25,0,0,0,0,2020-03-25 14:38:35
北京,通州,19,0,0,0,0,2020-03-25 14:38:35
北京,房山,16,0,0,0,0,2020-03-25 14:38:35
北京,东城,14,0,0,0,0,2020-03-25 14:38:35
北京,石景山,14,0,0,0,0,2020-03-25 14:38:35
北京,顺义,10,0,0,0,0,2020-03-25 14:38:35
北京,密云,7,0,0,0,0,2020-03-25 14:38:35
北京,怀柔,7,0,0,0,0,2020-03-25 14:38:35
北京,门头沟,3,0,0,0,0,2020-03-25 14:38:35
北京,延庆,1,0,0,0,0,2020-03-25 14:38:35
北京,地区待确认,0,0,8,392,0,2020-03-25 14:38:35
上海,境外输入,94,0,0,3,19,2020-03-25 14:38:35
上海,外地来沪,111,0,0,107,0,2020-03-25 14:38:35
上海,宝山,22,0,1,19,0,2020-03-25 14:38:35
上海,嘉定,9,0,1,7,0,2020-03-25 14:38:35
上海,静安,16,0,1,15,0,2020-03-25 14:38:35
上海,浦东,61,0,0,61,0,2020-03-25 14:38:35
上海,地区待确认,0,0,0,0,0,2020-03-25 14:38:35
上海,黄浦,6,0,1,5,0,2020-03-25 14:38:35
上海,徐汇,18,0,1,17,0,2020-03-25 14:38:35
上海,青浦,6,0,0,6,0,2020-03-25 14:38:35
上海,崇明,4,0,0,4,0,2020-03-25 14:38:35
上海,金山,4,0,0,4,0,2020-03-25 14:38:35
上海,虹口,7,0,0,7,0,2020-03-25 14:38:35
上海,奉贤,9,0,0,9,0,2020-03-25 14:38:35
上海,杨浦,9,0,0,9,0,2020-03-25 14:38:35
上海,普陀,11,0,0,11,0,2020-03-25 14:38:35
上海,长宁,13,0,0,13,0,2020-03-25 14:38:35
上海,松江,14,0,0,14,0,2020-03-25 14:38:35
上海,闵行,19,0,0,19,0,2020-03-25 14:38:35
广东,广州,388,0,1,337,4,2020-03-25 14:38:35
广东,深圳,441,0,3,414,1,2020-03-25 14:38:35
广东,佛山,91,0,0,84,0,2020-03-25 14:38:35
广东,珠海,101,0,1,97,0,2020-03-25 14:38:35
广东,中山,68,0,0,66,0,2020-03-25 14:38:35
广东,潮州,6,0,0,5,0,2020-03-25 14:38:35
广东,揭阳,9,0,0,8,0,2020-03-25 14:38:35
广东,梅州,17,0,0,16,0,2020-03-25 14:38:35
广东,湛江,23,0,0,22,0,2020-03-25 14:38:35
广东,肇庆,20,0,1,18,0,2020-03-25 14:38:35
广东,茂名,14,0,0,14,0,2020-03-25 14:38:35
广东,阳江,14,0,0,14,0,2020-03-25 14:38:35
广东,江门,23,0,0,23,0,2020-03-25 14:38:35
广东,汕头,25,0,0,25,0,2020-03-25 14:38:35
广东,惠州,62,0,0,62,0,2020-03-25 14:38:35
广东,清远,12,0,0,12,0,2020-03-25 14:38:35
广东,韶关,10,0,1,9,0,2020-03-25 14:38:35
广东,东莞,100,0,1,99,0,2020-03-25 14:38:35
广东,汕尾,5,0,0,5,0,2020-03-25 14:38:35
广东,河源,4,0,0,4,0,2020-03-25 14:38:35
广东,地区待确认,0,0,0,0,0,2020-03-25 14:38:35
福建,境外输入,26,0,0,0,4,2020-03-25 14:38:35
福建,莆田,56,0,0,56,0,2020-03-25 14:38:35
福建,漳州,20,0,0,20,0,2020-03-25 14:38:35
福建,地区待确认,0,0,0,0,0,2020-03-25 14:38:35
福建,宁德,26,0,0,26,0,2020-03-25 14:38:35
福建,龙岩,6,0,0,6,0,2020-03-25 14:38:35
福建,南平,20,0,0,20,0,2020-03-25 14:38:35
福建,三明,14,0,0,14,0,2020-03-25 14:38:35
福建,泉州,47,0,0,47,0,2020-03-25 14:38:35
福建,厦门,35,0,0,35,0,2020-03-25 14:38:35
福建,福州,72,0,1,71,0,2020-03-25 14:38:35
澳门,地区待确认,30,0,0,10,4,2020-03-25 14:38:35
浙江,境外输入,24,0,0,5,1,2020-03-25 14:38:35
浙江,金华,55,0,0,55,0,2020-03-25 14:38:35
浙江,丽水,17,0,0,17,0,2020-03-25 14:38:35
浙江,台州,146,0,0,146,0,2020-03-25 14:38:35
浙江,舟山,10,0,0,10,0,2020-03-25 14:38:35
浙江,衢州,14,0,0,14,0,2020-03-25 14:38:35
浙江,省十里丰监狱,36,0,0,36,0,2020-03-25 14:38:35
浙江,绍兴,42,0,0,42,0,2020-03-25 14:38:35
浙江,嘉兴,45,0,0,45,0,2020-03-25 14:38:35
浙江,湖州,10,0,0,10,0,2020-03-25 14:38:35
浙江,温州,504,0,1,503,0,2020-03-25 14:38:35
浙江,宁波,157,0,0,157,0,2020-03-25 14:38:35
浙江,杭州,181,0,0,181,0,2020-03-25 14:38:35
甘肃,境外输入,45,0,0,30,0,2020-03-25 14:38:35
甘肃,白银,4,0,0,4,0,2020-03-25 14:38:35
甘肃,地区待确认,0,0,0,0,0,2020-03-25 14:38:35
甘肃,兰州,36,0,2,34,0,2020-03-25 14:38:35
甘肃,平凉,9,0,0,9,0,2020-03-25 14:38:35
甘肃,庆阳,3,0,0,3,0,2020-03-25 14:38:35
甘肃,定西,9,0,0,9,0,2020-03-25 14:38:35
甘肃,甘南州,8,0,0,8,0,2020-03-25 14:38:35
甘肃,天水,12,0,0,12,0,2020-03-25 14:38:35
甘肃,陇南,4,0,0,4,0,2020-03-25 14:38:35
甘肃,临夏,3,0,0,3,0,2020-03-25 14:38:35
甘肃,张掖,2,0,0,2,0,2020-03-25 14:38:35
甘肃,金昌,1,0,0,1,0,2020-03-25 14:38:35
山东,境外输入,10,0,0,0,1,2020-03-25 14:38:35
山东,潍坊,44,0,0,44,0,2020-03-25 14:38:35
山东,济宁,260,0,0,260,0,2020-03-25 14:38:35
山东,济南,47,0,0,47,0,2020-03-25 14:38:35
山东,临沂,49,0,0,49,0,2020-03-25 14:38:35
山东,淄博,30,0,1,29,0,2020-03-25 14:38:35
山东,枣庄,24,0,0,24,0,2020-03-25 14:38:35
山东,烟台,47,0,0,47,0,2020-03-25 14:38:35
山东,青岛,61,0,1,60,0,2020-03-25 14:38:35
山东,泰安,35,0,2,33,0,2020-03-25 14:38:35
山东,威海,38,0,1,37,0,2020-03-25 14:38:35
山东,日照,16,0,0,16,0,2020-03-25 14:38:35
山东,菏泽,18,0,0,18,0,2020-03-25 14:38:35
山东,滨州,15,0,0,15,0,2020-03-25 14:38:35
山东,聊城,38,0,0,38,0,2020-03-25 14:38:35
山东,德州,37,0,2,35,0,2020-03-25 14:38:35
天津,境外输入,9,0,0,0,4,2020-03-25 14:38:35
天津,和平区,6,0,0,6,0,2020-03-25 14:38:35
天津,河北区,12,0,0,12,0,2020-03-25 14:38:35
天津,津南区,2,0,0,2,0,2020-03-25 14:38:35
天津,北辰区,6,0,0,6,0,2020-03-25 14:38:35
天津,南开区,6,0,0,6,0,2020-03-25 14:38:35
天津,河东区,15,0,1,14,0,2020-03-25 14:38:35
天津,宁河区,4,0,0,4,0,2020-03-25 14:38:35
天津,宝坻区,60,0,2,58,0,2020-03-25 14:38:35
天津,外地来津,6,0,0,6,0,2020-03-25 14:38:35
天津,滨海新区,3,0,0,3,0,2020-03-25 14:38:35
天津,武清区,2,0,0,2,0,2020-03-25 14:38:35
天津,东丽区,4,0,0,4,0,2020-03-25 14:38:35
天津,河西区,4,0,0,4,0,2020-03-25 14:38:35
天津,西青区,4,0,0,4,0,2020-03-25 14:38:35
天津,红桥区,2,0,0,2,0,2020-03-25 14:38:35
四川,成都,152,0,3,141,2,2020-03-25 14:38:35
四川,南充,39,0,0,39,0,2020-03-25 14:38:35
四川,阿坝,1,0,0,1,0,2020-03-25 14:38:35
四川,资阳,4,0,0,4,0,2020-03-25 14:38:35
四川,眉山,8,0,0,8,0,2020-03-25 14:38:35
四川,雅安,7,0,0,7,0,2020-03-25 14:38:35
四川,巴中,24,0,0,24,0,2020-03-25 14:38:35
四川,达州,42,0,0,42,0,2020-03-25 14:38:35
四川,广安,30,0,0,30,0,2020-03-25 14:38:35
四川,宜宾,12,0,0,12,0,2020-03-25 14:38:35
四川,甘孜,78,0,0,78,0,2020-03-25 14:38:35
四川,乐山,3,0,0,3,0,2020-03-25 14:38:35
四川,内江,22,0,0,22,0,2020-03-25 14:38:35
四川,遂宁,17,0,0,17,0,2020-03-25 14:38:35
四川,广元,6,0,0,6,0,2020-03-25 14:38:35
四川,绵阳,22,0,0,22,0,2020-03-25 14:38:35
四川,德阳,18,0,0,18,0,2020-03-25 14:38:35
四川,泸州,24,0,0,24,0,2020-03-25 14:38:35
四川,攀枝花,16,0,0,16,0,2020-03-25 14:38:35
四川,自贡,9,0,0,9,0,2020-03-25 14:38:35
四川,凉山,13,0,0,13,0,2020-03-25 14:38:35
陕西,境外输入,5,0,0,0,1,2020-03-25 14:38:35
陕西,西安,120,0,3,114,0,2020-03-25 14:38:35
陕西,渭南,15,0,0,14,0,2020-03-25 14:38:35
陕西,咸阳,17,0,0,16,0,2020-03-25 14:38:35
陕西,杨凌,1,0,0,1,0,2020-03-25 14:38:35
陕西,韩城,1,0,0,1,0,2020-03-25 14:38:35
陕西,榆林,3,0,0,3,0,2020-03-25 14:38:35
陕西,汉中,26,0,0,26,0,2020-03-25 14:38:35
陕西,铜川,8,0,0,8,0,2020-03-25 14:38:35
陕西,延安,8,0,0,8,0,2020-03-25 14:38:35
陕西,宝鸡,13,0,0,13,0,2020-03-25 14:38:35
陕西,安康,26,0,0,26,0,2020-03-25 14:38:35
陕西,商洛,7,0,0,7,0,2020-03-25 14:38:35
陕西,地区待确认,0,0,0,3,0,2020-03-25 14:38:35
江苏,境外输入,7,0,0,0,2,2020-03-25 14:38:35
江苏,连云港,48,0,0,48,0,2020-03-25 14:38:35
江苏,南通,40,0,0,40,0,2020-03-25 14:38:35
江苏,苏州,87,0,0,87,0,2020-03-25 14:38:35
江苏,南京,93,0,0,93,0,2020-03-25 14:38:35
江苏,无锡,55,0,0,55,0,2020-03-25 14:38:35
江苏,徐州,79,0,0,79,0,2020-03-25 14:38:35
江苏,宿迁,13,0,0,13,0,2020-03-25 14:38:35
江苏,淮安,66,0,0,66,0,2020-03-25 14:38:35
江苏,镇江,12,0,0,12,0,2020-03-25 14:38:35
江苏,常州,51,0,0,51,0,2020-03-25 14:38:35
江苏,扬州,23,0,0,23,0,2020-03-25 14:38:35
江苏,盐城,27,0,0,27,0,2020-03-25 14:38:35
江苏,泰州,37,0,0,37,0,2020-03-25 14:38:35
河北,唐山,58,0,1,55,0,2020-03-25 14:38:35
河北,境外输入,1,0,0,0,0,2020-03-25 14:38:35
河北,张家口,41,0,0,41,0,2020-03-25 14:38:35
河北,邯郸,32,0,0,32,0,2020-03-25 14:38:35
河北,石家庄,29,0,0,29,0,2020-03-25 14:38:35
河北,承德,7,0,0,7,0,2020-03-25 14:38:35
河北,衡水,8,0,0,8,0,2020-03-25 14:38:35
河北,秦皇岛,10,0,1,9,0,2020-03-25 14:38:35
河北,邢台,23,0,1,22,0,2020-03-25 14:38:35
河北,廊坊,30,0,0,30,0,2020-03-25 14:38:35
河北,保定,32,0,0,32,0,2020-03-25 14:38:35
河北,沧州,48,0,3,45,0,2020-03-25 14:38:35
黑龙江,境外输入,2,0,0,0,0,2020-03-25 14:38:35
黑龙江,齐齐哈尔,43,0,1,41,0,2020-03-25 14:38:35
黑龙江,大兴安岭,3,0,0,3,0,2020-03-25 14:38:35
黑龙江,大庆,26,0,1,25,0,2020-03-25 14:38:35
黑龙江,哈尔滨,198,0,4,194,0,2020-03-25 14:38:35
黑龙江,双鸭山,52,0,3,49,0,2020-03-25 14:38:35
黑龙江,黑河,14,0,0,14,0,2020-03-25 14:38:35
黑龙江,绥化,47,0,4,43,0,2020-03-25 14:38:35
黑龙江,鹤岗,5,0,0,5,0,2020-03-25 14:38:35
黑龙江,牡丹江,15,0,0,15,0,2020-03-25 14:38:35
黑龙江,七台河,17,0,0,17,0,2020-03-25 14:38:35
黑龙江,鸡西,46,0,0,46,0,2020-03-25 14:38:35
黑龙江,伊春,1,0,0,1,0,2020-03-25 14:38:35
黑龙江,佳木斯,15,0,0,15,0,2020-03-25 14:38:35
广西,境外输入,2,0,0,0,0,2020-03-25 14:38:35
广西,桂林,32,0,0,32,0,2020-03-25 14:38:35
广西,防城港,19,0,0,19,0,2020-03-25 14:38:35
广西,来宾,11,0,0,11,0,2020-03-25 14:38:35
广西,柳州,24,0,0,24,0,2020-03-25 14:38:35
广西,南宁,55,0,0,55,0,2020-03-25 14:38:35
广西,河池,28,0,1,27,0,2020-03-25 14:38:35
广西,北海,44,0,1,43,0,2020-03-25 14:38:35
广西,玉林,11,0,0,11,0,2020-03-25 14:38:35
广西,钦州,8,0,0,8,0,2020-03-25 14:38:35
广西,贵港,8,0,0,8,0,2020-03-25 14:38:35
广西,梧州,5,0,0,5,0,2020-03-25 14:38:35
广西,百色,3,0,0,3,0,2020-03-25 14:38:35
广西,贺州,4,0,0,4,0,2020-03-25 14:38:35
河南,境外输入,2,0,0,0,0,2020-03-25 14:38:35
河南,漯河,35,0,0,35,0,2020-03-25 14:38:35
河南,周口,76,0,1,75,0,2020-03-25 14:38:35
河南,南阳,156,0,3,153,0,2020-03-25 14:38:35
河南,信阳,274,0,2,272,0,2020-03-25 14:38:35
河南,郑州,157,0,5,152,0,2020-03-25 14:38:35
河南,济源示范区,5,0,0,5,0,2020-03-25 14:38:35
河南,安阳,53,0,0,53,0,2020-03-25 14:38:35
河南,新乡,57,0,3,54,0,2020-03-25 14:38:35
河南,许昌,39,0,1,38,0,2020-03-25 14:38:35
河南,地区待确认,0,0,0,0,0,2020-03-25 14:38:35
河南,商丘,91,0,3,88,0,2020-03-25 14:38:35
河南,驻马店,139,0,0,139,0,2020-03-25 14:38:35
河南,焦作,32,0,1,31,0,2020-03-25 14:38:35
河南,开封,26,0,0,26,0,2020-03-25 14:38:35
河南,平顶山,58,0,1,57,0,2020-03-25 14:38:35
河南,洛阳,31,0,1,30,0,2020-03-25 14:38:35
河南,濮阳,17,0,0,17,0,2020-03-25 14:38:35
河南,鹤壁,19,0,0,19,0,2020-03-25 14:38:35
河南,三门峡,7,0,1,6,0,2020-03-25 14:38:35
重庆,境外输入,2,0,0,0,0,2020-03-25 14:38:35
重庆,涪陵区,5,0,0,5,0,2020-03-25 14:38:35
重庆,荣昌区,9,0,0,9,0,2020-03-25 14:38:35
重庆,大足区,14,0,0,14,0,2020-03-25 14:38:35
重庆,綦江区,23,0,0,23,0,2020-03-25 14:38:35
重庆,丰都县,10,0,0,10,0,2020-03-25 14:38:35
重庆,潼南区,18,0,0,18,0,2020-03-25 14:38:35
重庆,铜梁区,10,0,0,10,0,2020-03-25 14:38:35
重庆,南岸区,15,0,0,15,0,2020-03-25 14:38:35
重庆,九龙坡区,21,0,1,20,0,2020-03-25 14:38:35
重庆,沙坪坝区,9,0,0,9,0,2020-03-25 14:38:35
重庆,江北区,28,0,0,28,0,2020-03-25 14:38:35
重庆,万州区,118,0,4,114,0,2020-03-25 14:38:35
重庆,两江新区,17,0,0,17,0,2020-03-25 14:38:35
重庆,巴南区,6,0,0,6,0,2020-03-25 14:38:35
重庆,渝中区,20,0,0,20,0,2020-03-25 14:38:35
重庆,垫江县,20,0,0,20,0,2020-03-25 14:38:35
重庆,云阳县,25,0,0,25,0,2020-03-25 14:38:35
重庆,奉节县,22,0,0,22,0,2020-03-25 14:38:35
重庆,石柱县,15,0,0,15,0,2020-03-25 14:38:35
重庆,长寿区,22,0,0,22,0,2020-03-25 14:38:35
重庆,渝北区,17,0,0,17,0,2020-03-25 14:38:35
重庆,彭水县,2,0,0,2,0,2020-03-25 14:38:35
重庆,忠县,21,0,0,21,0,2020-03-25 14:38:35
重庆,开州区,21,0,1,20,0,2020-03-25 14:38:35
重庆,合川区,23,0,0,23,0,2020-03-25 14:38:35
重庆,大渡口区,7,0,0,7,0,2020-03-25 14:38:35
重庆,巫溪县,14,0,0,14,0,2020-03-25 14:38:35
重庆,巫山县,10,0,0,10,0,2020-03-25 14:38:35
重庆,万盛经开区,1,0,0,1,0,2020-03-25 14:38:35
重庆,酉阳县,1,0,0,1,0,2020-03-25 14:38:35
重庆,璧山区,9,0,0,9,0,2020-03-25 14:38:35
重庆,高新区,4,0,0,4,0,2020-03-25 14:38:35
重庆,永川区,5,0,0,5,0,2020-03-25 14:38:35
重庆,江津区,4,0,0,4,0,2020-03-25 14:38:35
重庆,武隆区,1,0,0,1,0,2020-03-25 14:38:35
重庆,梁平区,4,0,0,4,0,2020-03-25 14:38:35
重庆,城口县,2,0,0,2,0,2020-03-25 14:38:35
重庆,黔江区,2,0,0,2,0,2020-03-25 14:38:35
重庆,秀山县,1,0,0,1,0,2020-03-25 14:38:35
内蒙古,境外输入,2,0,0,0,2,2020-03-25 14:38:35
内蒙古,包头,11,0,0,11,0,2020-03-25 14:38:35
内蒙古,呼和浩特,7,0,0,7,0,2020-03-25 14:38:35
内蒙古,乌兰察布,3,0,0,3,0,2020-03-25 14:38:35
内蒙古,赤峰,9,0,0,9,0,2020-03-25 14:38:35
内蒙古,锡林郭勒,9,0,0,9,0,2020-03-25 14:38:35
内蒙古,通辽,7,0,0,7,0,2020-03-25 14:38:35
内蒙古,鄂尔多斯,11,0,0,11,0,2020-03-25 14:38:35
内蒙古,呼伦贝尔,7,0,0,7,0,2020-03-25 14:38:35
内蒙古,巴彦淖尔,8,0,1,7,0,2020-03-25 14:38:35
内蒙古,兴安盟,1,0,0,1,0,2020-03-25 14:38:35
内蒙古,乌海,2,0,0,2,0,2020-03-25 14:38:35
云南,境外输入,2,0,0,0,0,2020-03-25 14:38:35
云南,昭通市,25,0,0,25,0,2020-03-25 14:38:35
云南,曲靖,13,0,0,13,0,2020-03-25 14:38:35
云南,昆明,53,0,0,53,0,2020-03-25 14:38:35
云南,保山市,9,0,0,9,0,2020-03-25 14:38:35
云南,玉溪,14,0,1,13,0,2020-03-25 14:38:35
云南,红河,9,0,0,9,0,2020-03-25 14:38:35
云南,德宏州,5,0,0,5,0,2020-03-25 14:38:35
云南,大理,13,0,0,13,0,2020-03-25 14:38:35
云南,西双版纳州,15,0,1,14,0,2020-03-25 14:38:35
云南,文山州,2,0,0,2,0,2020-03-25 14:38:35
云南,普洱,4,0,0,4,0,2020-03-25 14:38:35
云南,楚雄州,4,0,0,4,0,2020-03-25 14:38:35
云南,丽江市,7,0,0,7,0,2020-03-25 14:38:35
云南,临沧,1,0,0,1,0,2020-03-25 14:38:35
辽宁,境外输入,2,0,0,1,0,2020-03-25 14:38:35
辽宁,鞍山,4,0,0,4,0,2020-03-25 14:38:35
辽宁,朝阳市,6,0,1,5,0,2020-03-25 14:38:35
辽宁,丹东,11,0,0,11,0,2020-03-25 14:38:35
辽宁,葫芦岛,12,0,1,11,0,2020-03-25 14:38:35
辽宁,大连,19,0,0,19,0,2020-03-25 14:38:35
辽宁,铁岭,7,0,0,7,0,2020-03-25 14:38:35
辽宁,沈阳,28,0,0,28,0,2020-03-25 14:38:35
辽宁,锦州,12,0,0,12,0,2020-03-25 14:38:35
辽宁,盘锦,11,0,0,11,0,2020-03-25 14:38:35
辽宁,阜新,8,0,0,8,0,2020-03-25 14:38:35
辽宁,本溪,3,0,0,3,0,2020-03-25 14:38:35
辽宁,辽阳,3,0,0,3,0,2020-03-25 14:38:35
辽宁,营口,1,0,0,1,0,2020-03-25 14:38:35
山西,境外输入,1,0,0,0,0,2020-03-25 14:38:35
山西,晋中,37,0,0,37,0,2020-03-25 14:38:35
山西,大同,12,0,0,12,0,2020-03-25 14:38:35
山西,运城,19,0,0,19,0,2020-03-25 14:38:35
山西,忻州,7,0,0,7,0,2020-03-25 14:38:35
山西,晋城,10,0,0,10,0,2020-03-25 14:38:35
山西,长治,8,0,0,8,0,2020-03-25 14:38:35
山西,太原,20,0,0,20,0,2020-03-25 14:38:35
山西,朔州,8,0,0,8,0,2020-03-25 14:38:35
山西,临汾,2,0,0,2,0,2020-03-25 14:38:35
山西,阳泉,4,0,0,4,0,2020-03-25 14:38:35
山西,吕梁,6,0,0,6,0,2020-03-25 14:38:35
吉林,境外输入,1,0,0,0,1,2020-03-25 14:38:35
吉林,通化,6,0,0,6,0,2020-03-25 14:38:35
吉林,长春,45,0,0,45,0,2020-03-25 14:38:35
吉林,白城,1,0,0,1,0,2020-03-25 14:38:35
吉林,四平,15,0,1,14,0,2020-03-25 14:38:35
吉林,公主岭,6,0,0,6,0,2020-03-25 14:38:35
吉林,辽源,7,0,0,7,0,2020-03-25 14:38:35
吉林,延边,5,0,0,5,0,2020-03-25 14:38:35
吉林,吉林,5,0,0,5,0,2020-03-25 14:38:35
吉林,松原,2,0,0,2,0,2020-03-25 14:38:35
吉林,梅河口市,1,0,0,1,0,2020-03-25 14:38:35
江西,境外输入,1,0,0,0,0,2020-03-25 14:38:35
江西,吉安,22,0,0,22,0,2020-03-25 14:38:35
江西,南昌,230,0,0,230,0,2020-03-25 14:38:35
江西,上饶,123,0,0,123,0,2020-03-25 14:38:35
江西,新余,130,0,0,130,0,2020-03-25 14:38:35
江西,抚州,72,0,0,72,0,2020-03-25 14:38:35
江西,九江,118,0,0,118,0,2020-03-25 14:38:35
江西,赣州,76,0,1,75,0,2020-03-25 14:38:35
江西,萍乡,33,0,0,33,0,2020-03-25 14:38:35
江西,宜春,106,0,0,106,0,2020-03-25 14:38:35
江西,鹰潭,18,0,0,18,0,2020-03-25 14:38:35
江西,景德镇,6,0,0,6,0,2020-03-25 14:38:35
江西,赣江新区,1,0,0,1,0,2020-03-25 14:38:35
青海,海北州,3,0,0,3,0,2020-03-25 14:38:35
青海,西宁,15,0,0,15,0,2020-03-25 14:38:35
西藏,拉萨,1,0,0,1,0,2020-03-25 14:38:35
安徽,宣城,6,0,0,6,0,2020-03-25 14:38:35
安徽,池州,17,0,0,17,0,2020-03-25 14:38:35
安徽,亳州,108,0,0,108,0,2020-03-25 14:38:35
安徽,六安,69,0,0,69,0,2020-03-25 14:38:35
安徽,宿州,41,0,0,41,0,2020-03-25 14:38:35
安徽,阜阳,155,0,0,155,0,2020-03-25 14:38:35
安徽,滁州,13,0,0,13,0,2020-03-25 14:38:35
安徽,黄山,9,0,0,9,0,2020-03-25 14:38:35
安徽,安庆,83,0,0,83,0,2020-03-25 14:38:35
安徽,铜陵,29,0,0,29,0,2020-03-25 14:38:35
安徽,淮北,27,0,0,27,0,2020-03-25 14:38:35
安徽,马鞍山,38,0,0,38,0,2020-03-25 14:38:35
安徽,淮南,27,0,0,27,0,2020-03-25 14:38:35
安徽,蚌埠,160,0,5,155,0,2020-03-25 14:38:35
安徽,芜湖,34,0,0,34,0,2020-03-25 14:38:35
安徽,合肥,174,0,1,173,0,2020-03-25 14:38:35
贵州,贵阳,36,0,1,35,0,2020-03-25 14:38:35
贵州,遵义,32,0,0,32,0,2020-03-25 14:38:35
贵州,六盘水,10,0,1,9,0,2020-03-25 14:38:35
贵州,毕节,23,0,0,23,0,2020-03-25 14:38:35
贵州,黔南州,17,0,0,17,0,2020-03-25 14:38:35
贵州,安顺,4,0,0,4,0,2020-03-25 14:38:35
贵州,黔东南州,10,0,0,10,0,2020-03-25 14:38:35
贵州,铜仁,10,0,0,10,0,2020-03-25 14:38:35
贵州,黔西南州,4,0,0,4,0,2020-03-25 14:38:35
海南,海口,39,0,0,39,0,2020-03-25 14:38:35
海南,儋州,15,0,1,14,0,2020-03-25 14:38:35
海南,三亚,54,0,1,53,0,2020-03-25 14:38:35
海南,东方,3,0,1,2,0,2020-03-25 14:38:35
海南,万宁,13,0,0,13,0,2020-03-25 14:38:35
海南,澄迈县,9,0,1,8,0,2020-03-25 14:38:35
海南,昌江县,7,0,0,7,0,2020-03-25 14:38:35
海南,保亭,3,0,0,3,0,2020-03-25 14:38:35
海南,琼海,6,0,1,5,0,2020-03-25 14:38:35
海南,临高县,6,0,0,6,0,2020-03-25 14:38:35
海南,陵水县,4,0,0,4,0,2020-03-25 14:38:35
海南,乐东,2,0,0,2,0,2020-03-25 14:38:35
海南,文昌,3,0,0,3,0,2020-03-25 14:38:35
海南,定安县,3,0,1,2,0,2020-03-25 14:38:35
海南,琼中县,1,0,0,1,0,2020-03-25 14:38:35
新疆,兵团第九师,4,0,1,3,0,2020-03-25 14:38:35
新疆,吐鲁番,3,0,0,3,0,2020-03-25 14:38:35
新疆,乌鲁木齐,23,0,0,23,0,2020-03-25 14:38:35
新疆,昌吉州,4,0,0,4,0,2020-03-25 14:38:35
新疆,第八师石河子,4,0,1,3,0,2020-03-25 14:38:35
新疆,兵团第四师,10,0,1,9,0,2020-03-25 14:38:35
新疆,伊犁州,18,0,0,18,0,2020-03-25 14:38:35
新疆,六师五家渠,2,0,0,2,0,2020-03-25 14:38:35
新疆,兵团第十二师,3,0,0,3,0,2020-03-25 14:38:35
新疆,巴州,3,0,0,3,0,2020-03-25 14:38:35
新疆,第七师,1,0,0,1,0,2020-03-25 14:38:35
新疆,阿克苏,1,0,0,1,0,2020-03-25 14:38:35
湖南,湘西自治州,8,0,0,8,0,2020-03-25 14:38:35
湖南,娄底,76,0,0,76,0,2020-03-25 14:38:35
湖南,永州,44,0,0,44,0,2020-03-25 14:38:35
湖南,郴州,39,0,0,39,0,2020-03-25 14:38:35
湖南,益阳,60,0,0,60,0,2020-03-25 14:38:35
湖南,张家界,5,0,0,5,0,2020-03-25 14:38:35
湖南,常德,82,0,0,82,0,2020-03-25 14:38:35
湖南,岳阳,156,0,1,155,0,2020-03-25 14:38:35
湖南,邵阳,102,0,1,101,0,2020-03-25 14:38:35
湖南,湘潭,36,0,0,36,0,2020-03-25 14:38:35
湖南,株洲,80,0,0,80,0,2020-03-25 14:38:35
湖南,衡阳,48,0,0,48,0,2020-03-25 14:38:35
湖南,长沙,242,0,2,240,0,2020-03-25 14:38:35
湖南,怀化,40,0,0,40,0,2020-03-25 14:38:35
宁夏,银川,36,0,0,36,0,2020-03-25 14:38:35
宁夏,中卫,4,0,0,4,0,2020-03-25 14:38:35
宁夏,吴忠,28,0,0,28,0,2020-03-25 14:38:35
宁夏,固原,5,0,0,5,0,2020-03-25 14:38:35
宁夏,石嘴山,1,0,0,1,0,2020-03-25 14:38:35
宁夏,宁东管委会,1,0,0,1,0,2020-03-25 14:38:35
